t_s,x_mm,y_mm,z_mm,speed_mm_s,yaw_rad,left_drive,right_drive,flipped_physics_steps
0.015,0.07165852189064026,-0.0025169800501316786,1.111340045928955,22.88829231262207,-0.006720042321830988,1.0,1.0,0
0.03,0.1926707625389099,-0.0012113817501813173,1.1360222101211548,6.3076324462890625,0.0025396759156137705,1.0,1.0,0
0.045,0.22059257328510284,0.10622476041316986,1.0783448219299316,4.950651168823242,0.06981092691421509,1.0,1.0,0
0.06,0.38206082582473755,0.23474739491939545,0.8994284272193909,12.709328651428223,0.13760952651500702,1.0,1.0,0
0.075,0.5879371762275696,0.32420992851257324,0.9383555054664612,12.50967788696289,0.1385478377342224,1.0,1.0,0
0.09,0.7301062345504761,0.3015839159488678,0.9634144306182861,11.93898868560791,0.10290698707103729,1.0,1.0,0
0.105,0.875876784324646,0.2498677670955658,0.9605894088745117,17.33485221862793,0.09981678426265717,1.0,1.0,0
0.12,1.0687988996505737,0.2001514881849289,0.9119424819946289,5.053203582763672,0.15843573212623596,1.0,1.0,0
0.135,1.087348461151123,0.38698235154151917,0.9405316710472107,9.337780952453613,0.24082940816879272,1.0,1.0,0
0.15,1.3338347673416138,0.5703868269920349,0.9340780973434448,26.649391174316406,0.2542324364185333,1.0,1.0,0
0.16499999999999998,1.5412933826446533,0.5309205651283264,1.0203646421432495,2.3060545921325684,0.20133568346500397,1.0,1.0,0
0.18,1.6563528776168823,0.48041656613349915,1.0061134099960327,1.5925642251968384,0.09401026368141174,1.0,1.0,0
0.195,2.0378921031951904,0.3326970636844635,1.0711028575897217,20.40353012084961,0.12391582876443863,1.0,1.0,0
0.21,2.1554923057556152,0.4802705943584442,1.127385139465332,3.4031598567962646,0.22371941804885864,1.0,1.0,0
0.22499999999999998,2.344447135925293,0.5549424886703491,1.0779354572296143,20.50932502746582,0.2803293764591217,1.0,1.0,0
0.24,2.567401170730591,0.7551127076148987,1.0814200639724731,23.56363868713379,0.2671230733394623,1.0,1.0,0
0.255,2.711651563644409,0.663917601108551,1.1365631818771362,11.412687301635742,0.1410583257675171,1.0,1.0,0
0.27,2.9539313316345215,0.6186462044715881,1.122132658958435,42.46638488769531,0.10337987542152405,1.0,1.0,0
0.285,3.38411808013916,0.5193314552307129,1.1581146717071533,30.05524253845215,0.1617308408021927,1.0,1.0,0
0.3,3.425856113433838,0.6708765625953674,1.1935181617736816,23.858564376831055,0.24247503280639648,1.0,1.0,0
0.315,3.6593611240386963,0.8175293803215027,1.107954502105713,24.89931297302246,0.23519520461559296,1.0,1.0,0
0.32999999999999996,3.945608139038086,0.8492045998573303,1.1588636636734009,13.282746315002441,0.1735016256570816,1.0,1.0,0
0.345,4.086052417755127,0.7612477540969849,1.1588125228881836,24.005924224853516,0.0944431871175766,1.0,1.0,0
0.36,4.310604572296143,0.6934517621994019,1.0484484434127808,29.124277114868164,0.07505424320697784,1.0,1.0,0
0.375,4.530938625335693,0.8297491669654846,1.1513075828552246,8.411101341247559,0.18993805348873138,1.0,1.0,0
0.39,4.6206207275390625,0.9156217575073242,1.0920861959457397,10.203550338745117,0.2664957046508789,1.0,1.0,0
0.40499999999999997,4.882005214691162,1.1135090589523315,1.110386848449707,24.369293212890625,0.2512044906616211,1.0,1.0,0
0.42,5.0252909660339355,0.9908125400543213,1.1630702018737793,6.058714866638184,0.12337034940719604,1.0,1.0,0
0.435,5.233635902404785,0.9634198546409607,1.1128230094909668,26.884647369384766,0.0611005499958992,1.0,1.0,0
0.44999999999999996,5.6160454750061035,0.8274173736572266,1.1269166469573975,26.343055725097656,0.0963185727596283,1.0,1.0,0
0.46499999999999997,5.657052040100098,1.0033859014511108,1.1666094064712524,22.183752059936523,0.19380362331867218,1.0,1.0,0
0.48,5.90939998626709,1.0989456176757812,1.1063593626022339,37.56572723388672,0.2223183959722519,1.0,1.0,0
0.495,6.284093856811523,1.2778654098510742,1.178931474685669,23.430330276489258,0.11494256556034088,1.0,1.0,0
0.51,6.399179935455322,1.1824836730957031,1.2003159523010254,21.964740753173828,0.0199299156665802,1.0,1.0,0
0.525,6.723171710968018,1.0495352745056152,1.156822681427002,51.551727294921875,0.030144860967993736,1.0,1.0,0
0.54,7.1347455978393555,1.0161949396133423,1.2072054147720337,7.438723087310791,0.19267761707305908,1.0,1.0,0
0.5549999999999999,7.268543243408203,1.1122039556503296,1.1706405878067017,10.575287818908691,0.20742158591747284,1.0,1.0,0
0.57,7.38031530380249,1.278244972229004,1.034480333328247,9.67160701751709,0.2552332282066345,1.0,1.0,0
0.585,7.570206642150879,1.1892205476760864,1.1189861297607422,10.894102096557617,0.14521647989749908,1.0,1.0,0
0.6,7.717563629150391,1.1400278806686401,1.0977060794830322,19.803028106689453,0.06248817592859268,1.0,1.0,0
0.615,8.122397422790527,1.0020798444747925,1.1113083362579346,26.33934211730957,0.1002926155924797,1.0,1.0,0
0.63,8.205561637878418,1.1678650379180908,1.1844128370285034,9.303845405578613,0.20832780003547668,1.0,1.0,0
0.645,8.387309074401855,1.2509655952453613,1.0683389902114868,27.17019271850586,0.23394444584846497,1.0,1.0,0
0.6599999999999999,8.627237319946289,1.3700718879699707,1.0908704996109009,26.376848220825195,0.20485353469848633,1.0,1.0,0
0.6749999999999999,8.770414352416992,1.2914294004440308,1.1382606029510498,21.80868148803711,0.0858309268951416,1.0,1.0,0
0.69,9.06783390045166,1.2065870761871338,1.1331349611282349,37.75890350341797,0.08123303949832916,1.0,1.0,0
0.705,9.360311508178711,1.2546887397766113,1.16941499710083,17.92734146118164,0.14371931552886963,1.0,1.0,0
0.72,9.406074523925781,1.363616704940796,1.152243733406067,4.686570644378662,0.23367829620838165,1.0,1.0,0
0.735,9.637828826904297,1.5512266159057617,1.118477702140808,34.49567794799805,0.2535972595214844,1.0,1.0,0
0.75,9.874719619750977,1.5009349584579468,1.164355754852295,8.925071716308594,0.14135630428791046,1.0,1.0,0
0.765,10.01470947265625,1.4763261079788208,1.1102381944656372,7.024073600769043,0.0725981816649437,1.0,1.0,0
0.78,10.335039138793945,1.3339914083480835,1.1140564680099487,27.73721694946289,0.09017045050859451,1.0,1.0,0
0.7949999999999999,10.423545837402344,1.5158324241638184,1.1706730127334595,7.295698165893555,0.2071942836046219,1.0,1.0,0
0.8099999999999999,10.622048377990723,1.5937330722808838,1.130323052406311,31.82598304748535,0.2892434895038605,1.0,1.0,0
0.825,10.979784965515137,1.9044309854507446,1.1476675271987915,25.693164825439453,0.2378576546907425,1.0,1.0,0
0.84,11.054742813110352,1.7251276969909668,1.1937177181243896,21.9133243560791,0.15184395015239716,1.0,1.0,0
0.855,11.339235305786133,1.7574117183685303,1.093661904335022,33.272342681884766,0.12321210652589798,1.0,1.0,0
0.87,11.735637664794922,1.7039947509765625,1.1460003852844238,21.764911651611328,0.1920952945947647,1.0,1.0,0
0.885,11.763526916503906,1.8674492835998535,1.1707910299301147,28.847293853759766,0.2593649923801422,1.0,1.0,0
0.8999999999999999,11.951495170593262,2.002371311187744,1.0692330598831177,30.307334899902344,0.28097298741340637,1.0,1.0,0
0.9149999999999999,12.245882034301758,2.000579833984375,1.1519383192062378,8.407170295715332,0.18910837173461914,1.0,1.0,0
0.9299999999999999,12.388687133789062,1.927229642868042,1.1420872211456299,7.282689571380615,0.09468966722488403,1.0,1.0,0
0.945,12.828214645385742,1.8119089603424072,1.0790389776229858,21.655595779418945,0.14154992997646332,1.0,1.0,0
0.96,12.938849449157715,1.9872959852218628,1.1537621021270752,1.826551914215088,0.22673647105693817,1.0,1.0,0
0.975,13.035547256469727,2.0595200061798096,1.0869650840759277,14.59118938446045,0.3027239441871643,1.0,1.0,0
0.99,13.311431884765625,2.311537027359009,1.1104223728179932,24.558948516845703,0.28177160024642944,1.0,1.0,0
1.005,13.114570617675781,2.1280508041381836,1.0800609588623047,15.728250503540039,0.23564592003822327,0.0,0.0,0
1.02,13.073651313781738,2.0174672603607178,1.1508835554122925,16.319114685058594,0.17683596909046173,0.0,0.0,0
1.035,12.952156066894531,1.9950188398361206,1.1438977718353271,9.46657943725586,0.12562038004398346,0.0,0.0,0
1.05,12.829122543334961,2.014456033706665,1.120627760887146,5.877161026000977,0.12533393502235413,0.0,0.0,0
1.065,12.806801795959473,2.054504156112671,1.138049840927124,3.5800893306732178,0.14838051795959473,0.0,0.0,0
1.08,12.759088516235352,2.0482800006866455,1.1226692199707031,2.313185691833496,0.17125332355499268,0.0,0.0,0
1.095,12.730159759521484,2.0259628295898438,1.1094809770584106,4.000718116760254,0.16482877731323242,0.0,0.0,0
1.1099999999999999,12.717098236083984,2.013688325881958,1.1179543733596802,1.1702440977096558,0.16190852224826813,0.0,0.0,0
1.125,12.7012939453125,2.0165672302246094,1.1079984903335571,1.7279351949691772,0.15962137281894684,0.0,0.0,0
1.14,12.714181900024414,2.036201238632202,1.1175119876861572,5.106776237487793,0.15605615079402924,0.0,0.0,0
1.155,12.709654808044434,2.0443613529205322,1.1212197542190552,0.6337488293647766,0.1579950898885727,0.0,0.0,0
1.17,12.711771011352539,2.0554885864257812,1.1169160604476929,1.0457366704940796,0.1561460942029953,0.0,0.0,0
1.185,12.723469734191895,2.034893035888672,1.1089255809783936,1.5611541271209717,0.15507954359054565,0.0,0.0,0
1.2,12.720036506652832,2.0332682132720947,1.1045682430267334,0.2863587737083435,0.15372459590435028,0.0,0.0,0
1.2149999999999999,12.721592903137207,2.0319550037384033,1.1034389734268188,0.23951862752437592,0.1551201194524765,0.0,0.0,0
1.23,12.727481842041016,2.0397908687591553,1.1052958965301514,3.0601863861083984,0.15278443694114685,0.0,0.0,0
1.2449999999999999,12.726395606994629,2.0369691848754883,1.1030198335647583,0.3754103183746338,0.15023979544639587,0.0,0.0,0
1.26,12.726000785827637,2.0359151363372803,1.1024430990219116,0.7448099255561829,0.14888130128383636,0.0,0.0,0
1.275,12.731678009033203,2.04062819480896,1.1103262901306152,0.1498165875673294,0.15464837849140167,0.0,0.0,0
1.29,12.732169151306152,2.039499044418335,1.1095380783081055,0.07271770387887955,0.15572509169578552,0.0,0.0,0
1.305,12.730950355529785,2.040203094482422,1.1089431047439575,1.4917793273925781,0.15402103960514069,0.0,0.0,0
1.3199999999999998,12.731171607971191,2.0381951332092285,1.1083495616912842,0.4107896685600281,0.15236273407936096,0.0,0.0,0
1.335,12.730744361877441,2.039135694503784,1.1075106859207153,0.1341140866279602,0.1507565975189209,0.0,0.0,0
1.3499999999999999,12.733820915222168,2.0379109382629395,1.1090962886810303,1.4917168617248535,0.15048928558826447,0.0,0.0,0
1.365,12.73005485534668,2.0380568504333496,1.1056100130081177,0.22845986485481262,0.15223820507526398,0.0,0.0,0
1.38,12.728799819946289,2.0379865169525146,1.1037790775299072,0.1623975783586502,0.1525391787290573,0.0,0.0,0
1.395,12.733034133911133,2.0384538173675537,1.1109272241592407,3.329421043395996,0.1489933580160141,0.0,0.0,0
1.41,12.729061126708984,2.0365071296691895,1.1052333116531372,0.36105990409851074,0.14860008656978607,0.0,0.0,0
1.425,12.728259086608887,2.0359742641448975,1.1041064262390137,0.0531160794198513,0.14840926229953766,0.0,0.0,0
1.44,12.730605125427246,2.0374510288238525,1.1049884557724,0.321702241897583,0.15023590624332428,0.0,0.0,0
1.4549999999999998,12.729832649230957,2.0365216732025146,1.103391170501709,0.320734441280365,0.15214797854423523,0.0,0.0,0
1.47,12.727808952331543,2.036875009536743,1.1020324230194092,0.31732770800590515,0.15307609736919403,0.0,0.0,0
1.4849999999999999,12.727388381958008,2.0344505310058594,1.1003762483596802,1.0100128650665283,0.14941410720348358,0.0,0.0,0
1.5,12.728218078613281,2.0355381965637207,1.1018770933151245,0.1733640730381012,0.14844723045825958,0.0,0.0,0
1.515,12.734031677246094,2.0388429164886475,1.1062047481536865,3.4912898540496826,0.15123440325260162,0.0,0.0,0
1.53,12.73009967803955,2.0360400676727295,1.1028534173965454,0.18100115656852722,0.1522170752286911,0.0,0.0,0
1.545,12.727263450622559,2.036425828933716,1.099444031715393,0.08707285672426224,0.15144743025302887,0.0,0.0,0
1.56,12.741549491882324,2.035231828689575,1.112864375114441,2.1483781337738037,0.14898647367954254,0.0,0.0,0
1.575,12.730097770690918,2.0368175506591797,1.1033519506454468,0.744024395942688,0.1477646827697754,0.0,0.0,0
1.5899999999999999,12.72724437713623,2.0352745056152344,1.099447250366211,0.288307249546051,0.1475837230682373,0.0,0.0,0
1.605,12.730484962463379,2.0350794792175293,1.101835012435913,1.8529207706451416,0.15157561004161835,0.0,0.0,0
1.6199999999999999,12.731830596923828,2.0374755859375,1.1024527549743652,1.028998851776123,0.15212103724479675,0.0,0.0,0
1.635,12.72938346862793,2.037548065185547,1.1002705097198486,0.7224206328392029,0.15393534302711487,0.0,0.0,0
1.65,12.727821350097656,2.0364198684692383,1.0979459285736084,0.6820010542869568,0.15074244141578674,0.0,0.0,0
1.665,12.728983879089355,2.0364575386047363,1.0995982885360718,0.08784662932157516,0.14902418851852417,0.0,0.0,0
1.68,12.729619979858398,2.0364279747009277,1.0996885299682617,1.9642363786697388,0.14899775385856628,0.0,0.0,0
1.6949999999999998,12.723674774169922,2.0331709384918213,1.0933806896209717,0.6256287097930908,0.15086360275745392,0.0,0.0,0
1.71,12.721755981445312,2.034209728240967,1.0911380052566528,0.1587287336587906,0.15060041844844818,0.0,0.0,0
1.7249999999999999,12.736886978149414,2.031501054763794,1.1040101051330566,2.862168788909912,0.1469801813364029,0.0,0.0,0
1.74,12.729583740234375,2.034062385559082,1.0990105867385864,0.5165767669677734,0.14918026328086853,0.0,0.0,0
1.755,12.72610855102539,2.0331742763519287,1.0947160720825195,0.20130066573619843,0.14864377677440643,0.0,0.0,0
1.77,12.728605270385742,2.0331668853759766,1.0972135066986084,0.7134156823158264,0.14954166114330292,0.0,0.0,0
1.785,12.726665496826172,2.034137010574341,1.0943158864974976,0.3030354678630829,0.14969311654567719,0.0,0.0,0
1.7999999999999998,12.723419189453125,2.033984899520874,1.0911865234375,0.2732422351837158,0.15206480026245117,0.0,0.0,0
1.815,12.720932960510254,2.033463954925537,1.0889544486999512,1.6210522651672363,0.1499636173248291,0.0,0.0,0
1.8299999999999998,12.72166919708252,2.032785177230835,1.0887409448623657,0.9813774824142456,0.14785175025463104,0.0,0.0,0
1.845,12.72177791595459,2.0323259830474854,1.088752269744873,0.506650447845459,0.14590322971343994,0.0,0.0,0
1.8599999999999999,12.72309684753418,2.034088373184204,1.0882903337478638,0.27719298005104065,0.1498197764158249,0.0,0.0,0
1.875,12.7227783203125,2.033967971801758,1.0886393785476685,0.22835715115070343,0.1515701711177826,0.0,0.0,0
1.89,12.730141639709473,2.0307767391204834,1.0955662727355957,5.458512783050537,0.14998996257781982,0.0,0.0,0
1.905,12.72850513458252,2.033672571182251,1.0941197872161865,1.9047658443450928,0.15032511949539185,0.0,0.0,0
1.92,12.726927757263184,2.0334646701812744,1.091844081878662,0.8363160490989685,0.1500980108976364,0.0,0.0,0
1.9349999999999998,12.725626945495605,2.0335147380828857,1.090733528137207,0.380492627620697,0.14991365373134613,0.0,0.0,0
1.95,12.725037574768066,2.0333058834075928,1.0896210670471191,0.345347136259079,0.1497795283794403,0.0,0.0,0
1.9649999999999999,12.72147274017334,2.032715320587158,1.0858330726623535,0.247257798910141,0.15273414552211761,0.0,0.0,0
1.98,12.721299171447754,2.0344395637512207,1.087557077407837,1.6997493505477905,0.14721128344535828,0.0,0.0,0
1.9949999999999999,12.720749855041504,2.031813144683838,1.085037350654602,0.2703964412212372,0.14764758944511414,0.0,0.0,0
2.01,12.720817565917969,2.031923532485962,1.084806203842163,0.05529876798391342,0.14607667922973633,0.0,0.0,0
2.025,12.723834037780762,2.034257411956787,1.0867174863815308,0.0874212309718132,0.150575190782547,0.0,0.0,0
2.04,12.7233304977417,2.0347232818603516,1.085939884185791,0.1212371364235878,0.15034212172031403,0.0,0.0,0
2.0549999999999997,12.72226333618164,2.033557653427124,1.0860874652862549,2.1773552894592285,0.15150555968284607,0.0,0.0,0
2.07,12.724676132202148,2.03237247467041,1.0871620178222656,1.0123107433319092,0.14812180399894714,0.0,0.0,0
2.085,12.72447681427002,2.0332536697387695,1.086626410484314,0.25694137811660767,0.14758670330047607,0.0,0.0,0
2.1,12.732671737670898,2.0366697311401367,1.0928921699523926,1.7374461889266968,0.15038947761058807,0.0,0.0,0
2.1149999999999998,12.729656219482422,2.0346176624298096,1.090819239616394,0.10102123022079468,0.1489546000957489,0.0,0.0,0
2.13,12.723633766174316,2.033771276473999,1.0846688747406006,0.12188650667667389,0.15202955901622772,0.0,0.0,0
2.145,12.727152824401855,2.035034418106079,1.0893126726150513,2.878408908843994,0.14716532826423645,0.0,0.0,0
2.16,12.723956108093262,2.033853769302368,1.0843201875686646,0.5809220671653748,0.14653261005878448,0.0,0.0,0
2.175,12.72266674041748,2.0333945751190186,1.0827817916870117,0.11626622080802917,0.14598926901817322,0.0,0.0,0
2.19,12.720123291015625,2.0323538780212402,1.079031229019165,0.6251733303070068,0.1496313214302063,0.0,0.0,0
2.205,12.719799041748047,2.0327625274658203,1.0786185264587402,0.2793456017971039,0.15001238882541656,0.0,0.0,0
2.2199999999999998,12.719138145446777,2.032561779022217,1.0783454179763794,0.45203840732574463,0.15146897733211517,0.0,0.0,0
2.235,12.719057083129883,2.0309178829193115,1.0764176845550537,0.8478046655654907,0.14584004878997803,0.0,0.0,0
2.25,12.719103813171387,2.0309598445892334,1.0771578550338745,0.21244458854198456,0.14632731676101685,0.0,0.0,0
2.265,12.723711967468262,2.033564329147339,1.0805059671401978,2.0031003952026367,0.14754877984523773,0.0,0.0,0
2.28,12.72453498840332,2.03324818611145,1.0814930200576782,0.08268029987812042,0.1478368639945984,0.0,0.0,0
2.295,12.723569869995117,2.0334548950195312,1.0803284645080566,0.5451016426086426,0.14851312339305878,0.0,0.0,0
2.31,12.726601600646973,2.0330402851104736,1.0829843282699585,1.0574097633361816,0.14504371583461761,0.0,0.0,0
2.3249999999999997,12.722150802612305,2.0332064628601074,1.0786696672439575,0.19094489514827728,0.14578448235988617,0.0,0.0,0
2.34,12.721562385559082,2.0327718257904053,1.0774575471878052,0.036616865545511246,0.14565503597259521,0.0,0.0,0
2.355,12.719263076782227,2.0307867527008057,1.0748188495635986,1.10462486743927,0.1505511999130249,0.0,0.0,0
2.37,12.719086647033691,2.032787561416626,1.0733366012573242,0.399015873670578,0.14970096945762634,0.0,0.0,0
2.385,12.71888256072998,2.0325767993927,1.0732717514038086,0.1445046067237854,0.1509743630886078,0.0,0.0,0
2.4,12.71623706817627,2.031454563140869,1.0672919750213623,0.7599561810493469,0.147805854678154,0.0,0.0,0
2.415,12.720046997070312,2.0319766998291016,1.0719637870788574,0.19948598742485046,0.14780358970165253,0.0,0.0,0
2.4299999999999997,12.721209526062012,2.0322251319885254,1.073067545890808,0.019852997735142708,0.1478298008441925,0.0,0.0,0
2.445,12.721717834472656,2.032508373260498,1.073367953300476,0.05186926946043968,0.14789511263370514,0.0,0.0,0
2.46,12.721756935119629,2.0328009128570557,1.0727096796035767,0.01663394644856453,0.14770570397377014,0.0,0.0,0
2.475,12.72206974029541,2.0316615104675293,1.0724751949310303,0.7852247357368469,0.14462126791477203,0.0,0.0,0
2.4899999999999998,12.718791007995605,2.0322000980377197,1.0698950290679932,0.20292502641677856,0.1448478102684021,0.0,0.0,0
2.505,12.717655181884766,2.032059907913208,1.0686705112457275,0.15010976791381836,0.14452692866325378,0.0,0.0,0
2.52,12.718849182128906,2.0311331748962402,1.0691725015640259,0.5313855409622192,0.15040086209774017,0.0,0.0,0
2.5349999999999997,12.717752456665039,2.0332164764404297,1.0677281618118286,0.049377307295799255,0.14950807392597198,0.0,0.0,0
2.55,12.717546463012695,2.0328145027160645,1.0672873258590698,0.07297535240650177,0.15015681087970734,0.0,0.0,0
2.565,12.715991973876953,2.033453941345215,1.064386248588562,0.9401463270187378,0.14687414467334747,0.0,0.0,0
2.58,12.71854305267334,2.032731294631958,1.0677796602249146,0.3327953815460205,0.14525583386421204,0.0,0.0,0
2.5949999999999998,12.718677520751953,2.0326859951019287,1.0678564310073853,0.1427164077758789,0.14537088572978973,0.0,0.0,0
2.61,12.71927261352539,2.0335562229156494,1.0657978057861328,1.1431065797805786,0.1476297229528427,0.0,0.0,0
2.625,12.720290184020996,2.0333187580108643,1.0672167539596558,0.4016556143760681,0.14784236252307892,0.0,0.0,0
2.6399999999999997,12.720120429992676,2.0333240032196045,1.067089557647705,0.2759718894958496,0.14833667874336243,0.0,0.0,0
2.655,12.720385551452637,2.033515691757202,1.067314863204956,0.03984398767352104,0.14792795479297638,0.0,0.0,0
2.67,12.720215797424316,2.033390522003174,1.0668267011642456,0.02983969636261463,0.1480807214975357,0.0,0.0,0
2.685,12.718208312988281,2.0332396030426025,1.0646802186965942,0.4913688004016876,0.1505366861820221,0.0,0.0,0
2.6999999999999997,12.715932846069336,2.0335283279418945,1.06229567527771,0.10700030624866486,0.14982381463050842,0.0,0.0,0
2.715,12.715875625610352,2.0331878662109375,1.0621381998062134,0.07710691541433334,0.1508350968360901,0.0,0.0,0
2.73,12.716353416442871,2.0359230041503906,1.063037633895874,2.098954439163208,0.14589279890060425,0.0,0.0,0
2.745,12.716809272766113,2.033033609390259,1.0624287128448486,0.4100022614002228,0.1457412838935852,0.0,0.0,0
2.76,12.716352462768555,2.033320426940918,1.0621306896209717,0.10873882472515106,0.14480066299438477,0.0,0.0,0
2.775,12.720683097839355,2.034846305847168,1.0645374059677124,0.1554744392633438,0.14781591296195984,0.0,0.0,0
2.79,12.720815658569336,2.0347037315368652,1.064211130142212,0.05844663456082344,0.14810004830360413,0.0,0.0,0
2.8049999999999997,12.719452857971191,2.0345702171325684,1.0632530450820923,0.22992925345897675,0.14911103248596191,0.0,0.0,0
2.82,12.717317581176758,2.034259557723999,1.061090111732483,0.16311697661876678,0.14658264815807343,0.0,0.0,0
2.835,12.71642780303955,2.0344204902648926,1.0603382587432861,0.03438861295580864,0.14582334458827972,0.0,0.0,0
2.85,12.719151496887207,2.0336954593658447,1.061959981918335,1.2122447490692139,0.15009604394435883,0.0,0.0,0
2.8649999999999998,12.71259880065918,2.031744956970215,1.0556517839431763,0.1416519433259964,0.14867478609085083,0.0,0.0,0
2.88,12.711545944213867,2.031548023223877,1.0543527603149414,0.07416505366563797,0.14934028685092926,0.0,0.0,0
2.895,12.719581604003906,2.033290386199951,1.063997745513916,4.553078651428223,0.1466371715068817,0.0,0.0,0
2.9099999999999997,12.716443061828613,2.032572031021118,1.058688759803772,0.8289409279823303,0.14647002518177032,0.0,0.0,0
2.925,12.714743614196777,2.0320398807525635,1.0569922924041748,0.5515076518058777,0.14598575234413147,0.0,0.0,0
2.94,12.715394020080566,2.0324127674102783,1.0562248229980469,0.3196718990802765,0.14667090773582458,0.0,0.0,0
2.955,12.715267181396484,2.0328938961029053,1.055627703666687,0.029594408348202705,0.146547332406044,0.0,0.0,0
2.9699999999999998,12.712343215942383,2.032660722732544,1.0529979467391968,0.572332501411438,0.14840133488178253,0.0,0.0,0
2.985,12.712592124938965,2.032679319381714,1.0519887208938599,0.22131235897541046,0.14672508835792542,0.0,0.0,0
3.0,12.711568832397461,2.0329835414886475,1.0514851808547974,0.0893579050898552,0.14352649450302124,0.0,0.0,0
